ServiceDetailsID,ServiceID,Description,ServiceEntryFound,JobCardNumber,CustomerID,VehicleID,Reason
"10926","1889","Dash Board Removal Labour","no","","","","jobcard_missing"
"10927","1889","Spare Parts","no","","","","jobcard_missing"
"14807","2502","Spare Parts","no","","","","jobcard_missing"
"14808","2502","Round Clip","no","","","","jobcard_missing"
"14809","2502","Wire","no","","","","jobcard_missing"
"14810","2502","W5W Capless Bulb","no","","","","jobcard_missing"
"14811","2502","Electrical & Mechanicallabour Charge","no","","","","jobcard_missing"
"14812","2502","Belt Tensioner","no","","","","jobcard_missing"
"14813","2502","Diesel Hose","no","","","","jobcard_missing"
"14814","2502","Coolant","no","","","","jobcard_missing"
"14815","2502","Labour Charge","no","","","","jobcard_missing"
"16810","2842","Brake Fluid & Labour","no","","","","jobcard_missing"
"16811","2842","Head Light Bulb","no","","","","jobcard_missing"
"16812","2842","P21W5W Bulb","no","","","","jobcard_missing"
"17066","2898","Spare Parts","no","","","","jobcard_missing"
"18141","4016","Spare Parts","no","","","","jobcard_missing"
"18163","4024","Starter Brush Assy","no","","","","jobcard_missing"
"18164","4024","Valve Door Assy","no","","","","jobcard_missing"
"18187","4024","Heater Hose","no","","","","jobcard_missing"
"18207","4024","Secondary Fuel Pump Motor","no","","","","jobcard_missing"
"18208","4024","Hose Clip","no","","","","jobcard_missing"
"18245","4036","Diesel","no","","","","jobcard_missing"
"18353","3912","Headlight Switch","no","","","","jobcard_missing"
"18354","3912","Heater Relay","no","","","","jobcard_missing"
"18368","3912","Wire 5mm","no","","","","jobcard_missing"
"18369","3912","Wire Sleev","no","","","","jobcard_missing"
"18370","3912","P21/5w Bulb","no","","","","jobcard_missing"
"18371","3912","Bosch Clip","no","","","","jobcard_missing"
"18372","3912","Round Clip 10th","no","","","","jobcard_missing"
"18373","3912","Wire 8mm","no","","","","jobcard_missing"
"18374","3912","Fuse 20 A","no","","","","jobcard_missing"
"18375","3912","Insulation Tape","no","","","","jobcard_missing"
"18376","3912","A/c Gas & Oil","no","","","","jobcard_missing"
"18446","4024","Axle Lh","no","","","","jobcard_missing"
"18554","4016","Round Clip","no","","","","jobcard_missing"
"18555","4016","Wire Sleeve","no","","","","jobcard_missing"
"18556","4016","Bosch Clip","no","","","","jobcard_missing"
"18557","4016","A/c Pipe Crimbing","no","","","","jobcard_missing"
"18558","4016","Insulation Tape","no","","","","jobcard_missing"
"18559","4016","A/c Gas & Oil","no","","","","jobcard_missing"
"18560","4016","Oring","no","","","","jobcard_missing"
"18561","4016","Valve Pin","no","","","","jobcard_missing"
"18562","4016","Tag","no","","","","jobcard_missing"
"18724","4117","Rear Cross Bar Set","no","","","","jobcard_missing"
"18725","4117","Spring","no","","","","jobcard_missing"
"18727","4054","Injector Old","no","","","","jobcard_missing"
"18728","4054","Injector Service","no","","","","jobcard_missing"
"18729","4054","Ecm Old","no","","","","jobcard_missing"
"18764","3882","Caliper Assy","no","","","","jobcard_missing"
"18810","4117","Spare Parts","no","","","","jobcard_missing"
"18815","4115","Spare Parts","no","","","","jobcard_missing"
"18818","4117","Rear Bumper","no","","","","jobcard_missing"
"18836","4024","Clutch Set Of 3","no","","","","jobcard_missing"
"18837","4024","Clutch Release Bearing","no","","","","jobcard_missing"
"18838","4024","Clutch Bleeding Valve","no","","","","jobcard_missing"
"18843","4073","Tail Lamp Rh & Lh","no","","","","jobcard_missing"
"18844","4073","Courier Charge","no","","","","jobcard_missing"
"18907","4054","Diesel","no","","","","jobcard_missing"
"18913","4022","Steering Coloumn Service","no","","","","jobcard_missing"
"18924","4073","Painting","no","","","","jobcard_missing"
"18933","4024","Denting","no","","","","jobcard_missing"
"18976","4022","Oil Pressure Switch","no","","","","jobcard_missing"
"18997","3882","Spare Parts","no","","","","jobcard_missing"
"18998","4022","Throttle Body Old","no","","","","jobcard_missing"
"19075","4171","Spare Parts","no","","","","jobcard_missing"
"19076","4171","Front Coil Spring","no","","","","jobcard_missing"
"19077","4171","Courier Charge","no","","","","jobcard_missing"
"19078","4171","Wd 40","no","","","","jobcard_missing"
"19079","4172","Starter Solenoid Switch","no","","","","jobcard_missing"
"19085","4054","Diesel For Wash","no","","","","jobcard_missing"
"19086","4054","Spare Parts","no","","","","jobcard_missing"
"19089","4054","Wheel Bearing Lathe","no","","","","jobcard_missing"
"19090","4193","Spare Parts","no","","","","jobcard_missing"
"19091","4193","Brake Pad","no","","","","jobcard_missing"
"19092","4193","Engine Oil","no","","","","jobcard_missing"
"19093","4193","Oil Filter","no","","","","jobcard_missing"
"19094","4193","Coolant","no","","","","jobcard_missing"
"19095","4193","Lower Arm Lathe","no","","","","jobcard_missing"
"19102","4196","Spare Parts","no","","","","jobcard_missing"
"19150","3882","Blot & Washer","no","","","","jobcard_missing"
"19163","4208","Front Grill Chrome","no","","","","jobcard_missing"
"19164","4208","Hood Moulding","no","","","","jobcard_missing"
"19165","4208","Rear Number Plate Garnish","no","","","","jobcard_missing"
"19166","4208","Cabin Filter","no","","","","jobcard_missing"
"19167","4208","Brake Fluid","no","","","","jobcard_missing"
"19168","4208","Wd 40","no","","","","jobcard_missing"
"19169","4208","Tag","no","","","","jobcard_missing"
"19202","4181","Abs Module Coding","no","","","","jobcard_missing"
"19203","4181","Spare Parts","no","","","","jobcard_missing"
"19205","4154","Spare Parts","no","","","","jobcard_missing"
"19207","4178","Painting","no","","","","jobcard_missing"
"19208","4178","Denting","no","","","","jobcard_missing"
"19212","4208","Double Side Tape","no","","","","jobcard_missing"
"19215","4213","A/c Gas & Oil","no","","","","jobcard_missing"
"19216","4213","Labour Charge","no","","","","jobcard_missing"
"19224","4217","Tensioner Pulley","no","","","","jobcard_missing"
"19225","4217","Idlear Pulley","no","","","","jobcard_missing"
"19226","4178","Number Plate","no","","","","jobcard_missing"
"19227","4226","Alternator Pulley","no","","","","jobcard_missing"
"19228","4218","Spare Parts","no","","","","jobcard_missing"
"19229","4225","Brake Pad","no","","","","jobcard_missing"
"19230","4225","Brake Liner","no","","","","jobcard_missing"
"19231","4225","Spare Parts","no","","","","jobcard_missing"
"19232","4225","Uj Cross Lathe","no","","","","jobcard_missing"
"19233","4225","Rotter Polish","no","","","","jobcard_missing"
"19234","4225","Drum Polish","no","","","","jobcard_missing"
"19235","4225","Brake Fluid","no","","","","jobcard_missing"
"19236","4225","Cotton Waste","no","","","","jobcard_missing"
"19237","4225","Wd 40","no","","","","jobcard_missing"
"19238","4225","Engine Oil","no","","","","jobcard_missing"
"19239","4217","Polo Compressor Pulley Bearing","no","","","","jobcard_missing"
"19240","4225","Oil Filter","no","","","","jobcard_missing"
"19244","4097","Spare Parts","no","","","","jobcard_missing"
"19249","4180","Spare Parts","no","","","","jobcard_missing"
"19261","4115","Wheel Bearing Lathe","no","","","","jobcard_missing"
"19262","4225","Radiator Cleaning","no","","","","jobcard_missing"
"19263","4178","Test Work","no","","","","jobcard_missing"
"19264","4154","Clock Spring","no","","","","jobcard_missing"
"19265","4154","Wd 40","no","","","","jobcard_missing"
"19266","4154","Cotton Waste","no","","","","jobcard_missing"
"19267","4154","Labour Charge","no","","","","jobcard_missing"
"19268","4178","5w5 Capless Bulb","no","","","","jobcard_missing"
"19269","4178","P21 Siingle Filament Bulb","no","","","","jobcard_missing"
"19270","4178","P21/5w Bulb","no","","","","jobcard_missing"
"19273","4097","Diesel For Wash","no","","","","jobcard_missing"
"19274","4223","Engine Oil 15w40","no","","","","jobcard_missing"
"19275","4223","Oil Filter","no","","","","jobcard_missing"
"19276","4223","Coolant Yellow","no","","","","jobcard_missing"
"19277","4223","Bonet Hood Shocker","no","","","","jobcard_missing"
"19278","4227","Engine Mount Rear","no","","","","jobcard_missing"
"19279","4225","Coolant","no","","","","jobcard_missing"
"19280","4225","Engine Oil Flush","no","","","","jobcard_missing"
"19281","4221","Spare Parts","no","","","","jobcard_missing"
"19282","4179","Spare Parts","no","","","","jobcard_missing"
"19283","4224","Valve Door Packing","no","","","","jobcard_missing"
"19284","4224","Super Sealer Gray","no","","","","jobcard_missing"
"19285","4224","Cotton Waste","no","","","","jobcard_missing"
"19286","4225","Labour Charge","no","","","","jobcard_missing"
"19287","4226","Number Plate","no","","","","jobcard_missing"
"19288","4227","Gear Box Bolt Welding & Threading Lathe","no","","","","jobcard_missing"
"19289","4211","Engine Oil","no","","","","jobcard_missing"
"19290","4221","A/c Gas & Oil","no","","","","jobcard_missing"
"19291","4224","Diesel For Wash","no","","","","jobcard_missing"
"19292","4224","Water Service","no","","","","jobcard_missing"
"19293","4196","Odo Metre Old","no","","","","jobcard_missing"
"19294","4224","Labour Charge","no","","","","jobcard_missing"
"19296","4154","Alignment","no","","","","jobcard_missing"
"19297","4237","Valve Assy Vaccum Modulator","no","","","","jobcard_missing"
"19298","4237","Labour Charge","no","","","","jobcard_missing"
"19300","4196","Labour Charge","no","","","","jobcard_missing"
"19301","4154","Water Service","no","","","","jobcard_missing"
"19302","4226","Labour Charge","no","","","","jobcard_missing"
"19303","4239","Spare Parts","no","","","","jobcard_missing"
"19304","4239","Coolant","no","","","","jobcard_missing"
"19305","4239","Labour Charge","no","","","","jobcard_missing"
"19306","4231","Spare Parts","no","","","","jobcard_missing"
"19307","4238","Spare Parts","no","","","","jobcard_missing"
"19308","4238","Brake Fluid","no","","","","jobcard_missing"
"19309","4238","Shock Spring Old","no","","","","jobcard_missing"
"19310","4238","Wd 40","no","","","","jobcard_missing"
"19312","4180","Bolt & Washer","no","","","","jobcard_missing"
"19313","4240","Engine Oil","no","","","","jobcard_missing"
"19314","4240","Oil Filter","no","","","","jobcard_missing"
"19315","4218","Labour Charge","no","","","","jobcard_missing"
"19316","4240","Labour Charge","no","","","","jobcard_missing"
"19317","4178","Petrol","no","","","","jobcard_missing"
"19318","4231","Engine Oil","no","","","","jobcard_missing"
"19319","4231","Oil Filtter","no","","","","jobcard_missing"
"19320","4231","Air Filter","no","","","","jobcard_missing"
"19321","4231","Caliper Lathe","no","","","","jobcard_missing"
"19322","4231","Rotter Polish","no","","","","jobcard_missing"
"19323","4231","Drum Polish","no","","","","jobcard_missing"
"19324","4231","Lower Arm Lathe","no","","","","jobcard_missing"
"19325","4176","Axle Service","no","","","","jobcard_missing"
"19326","4228","Shock Mount","no","","","","jobcard_missing"
"19327","4228","Shock Kit","no","","","","jobcard_missing"
"19328","4228","Balance Rod Bush","no","","","","jobcard_missing"
"19329","4228","Wd 40","no","","","","jobcard_missing"
"19330","4178","Water Service","no","","","","jobcard_missing"
"19331","4233","Immobilizer Labour Charge","no","","","","jobcard_missing"
"19332","4231","Coolant","no","","","","jobcard_missing"
"19333","4241","Engine Oil","no","","","","jobcard_missing"
"19334","4241","Brake Fluid","no","","","","jobcard_missing"
"19335","4241","Denting","no","","","","jobcard_missing"
"19336","4241","Cotton Waste","no","","","","jobcard_missing"
"19337","4241","Wd 40","no","","","","jobcard_missing"
"19338","4241","Spare Parts","no","","","","jobcard_missing"
"19339","4241","Diesel Rail Service","no","","","","jobcard_missing"
"19340","4241","Full Service Labour Charge","no","","","","jobcard_missing"
"19341","4242","Spare Parts","no","","","","jobcard_missing"
"19342","4242","Wheel Bearing Lathe","no","","","","jobcard_missing"
"19343","4242","Tyre Puncher","no","","","","jobcard_missing"
"19344","4242","A/c Gas","no","","","","jobcard_missing"
"19345","4016","Capasitor ,resistance","no","","","","jobcard_missing"
"19346","4195","Spare Parts","no","","","","jobcard_missing"
"19347","4227","Mount Bolt","no","","","","jobcard_missing"
"19348","4180","Gear Box Bracket Lathe","no","","","","jobcard_missing"
"19349","4228","Bolt","no","","","","jobcard_missing"
"19350","4231","Cabin Filter","no","","","","jobcard_missing"
"19352","4241","Water Service","no","","","","jobcard_missing"
"19353","4241","Alignment & Tyre Rotation","no","","","","jobcard_missing"
"19354","4178","Labour Charge","no","","","","jobcard_missing"
"19355","4243","Spare Parts","no","","","","jobcard_missing"
"19356","4243","Brake Fluid","no","","","","jobcard_missing"
"19357","4243","Atf Oil","no","","","","jobcard_missing"
"19359","4189","Wheel Bearing Lathe","no","","","","jobcard_missing"
"19360","4246","Spare Parts","no","","","","jobcard_missing"
"19361","4246","Steering Box Lathe","no","","","","jobcard_missing"
"19363","4176","Injector Seating Washer","no","","","","jobcard_missing"
"19364","4176","Brake Fluid","no","","","","jobcard_missing"
"19365","4176","A/c Gas & Oil","no","","","","jobcard_missing"
"19366","4176","Cabin Filter","no","","","","jobcard_missing"
"19367","4176","Cotton Waste","no","","","","jobcard_missing"
"19368","4253","Spare Parts","no","","","","jobcard_missing"
"19369","4253","Front Grill Chrome","no","","","","jobcard_missing"
"19370","4253","Clock Spring & Roof Top Fixing Labour Charge","no","","","","jobcard_missing"
"19371","4176","Wd 40","no","","","","jobcard_missing"
"19372","4176","Spare Parts","no","","","","jobcard_missing"
"19373","4176","Lower Arm Bush Lathe","no","","","","jobcard_missing"
"19374","4176","Number Plate","no","","","","jobcard_missing"
"19375","4246","Rack Bush","no","","","","jobcard_missing"
"19376","4246","Wheel Bearing Lathe","no","","","","jobcard_missing"
"19377","4176","Vaccum Hose","no","","","","jobcard_missing"
"19378","4254","Battery","no","","","","jobcard_missing"
"19379","4228","Cotton Waste","no","","","","jobcard_missing"
"19380","4228","Courier Charge","no","","","","jobcard_missing"
"19381","4228","Labour Charge","no","","","","jobcard_missing"
"19382","4250","Labour Charge","no","","","","jobcard_missing"
"19383","4254","Water Service","no","","","","jobcard_missing"
"19384","4254","Labour Charge","no","","","","jobcard_missing"
"19385","4246","Grease","no","","","","jobcard_missing"
"19386","4246","Cotton Waste","no","","","","jobcard_missing"
"19387","4246","Wd 40","no","","","","jobcard_missing"
"19388","4246","Tag","no","","","","jobcard_missing"
"19389","4246","Labour Charge","no","","","","jobcard_missing"
"19390","4246","Alignment","no","","","","jobcard_missing"
"19391","4176","Mechanical Labour Charge","no","","","","jobcard_missing"
"19392","4176","A/c Labour Charge","no","","","","jobcard_missing"
"19393","4223","Super Sealer Gray","no","","","","jobcard_missing"
"19394","4223","Wd 40","no","","","","jobcard_missing"
"19395","4223","Cotton Waste","no","","","","jobcard_missing"
"19396","4223","Labour Charge","no","","","","jobcard_missing"
"19397","4179","Tie Rod End","no","","","","jobcard_missing"
"19398","4262","Spare Parts","no","","","","jobcard_missing"
"19399","4252","Ecm Service & Immobilizer Programing","no","","","","jobcard_missing"
"19400","4252","Brake Fluid","no","","","","jobcard_missing"
"19401","4247","A/c Gas & Oil","no","","","","jobcard_missing"
"19402","4203","Abs Sensor Service","no","","","","jobcard_missing"
"19403","4203","Power Window Service","no","","","","jobcard_missing"
"19404","4203","Abs Sensor Flh","no","","","","jobcard_missing"
"19405","4264","Starter Brush","no","","","","jobcard_missing"
"19406","4264","Diesel For Wash","no","","","","jobcard_missing"
"19407","4258","Alternator Pulley","no","","","","jobcard_missing"
"19408","4266","Engine Oil","no","","","","jobcard_missing"
"19409","4266","Oil Filter","no","","","","jobcard_missing"
"19410","4266","Coolant Yellow","no","","","","jobcard_missing"
"19411","4266","Bonet Hood Shocker","no","","","","jobcard_missing"
"19412","4266","Super Sealer Gray","no","","","","jobcard_missing"
"19413","4266","Wd 40","no","","","","jobcard_missing"
"19414","4266","Cotton Waste","no","","","","jobcard_missing"
"19415","4266","Labour Charge","no","","","","jobcard_missing"
"19416","4252","Brake Service Labour Charge","no","","","","jobcard_missing"
"19417","4203","Brake Fluid","no","","","","jobcard_missing"
"19418","4203","Brake Service Labour Charge","no","","","","jobcard_missing"
"19419","4263","Spare Parts","no","","","","jobcard_missing"
"19420","4263","Cabin Filter","no","","","","jobcard_missing"
"19421","4263","Valve Pin","no","","","","jobcard_missing"
"19422","4249","Clutch Set Assy","no","","","","jobcard_missing"
"19424","4249","Spare Parts","no","","","","jobcard_missing"
"19425","4249","Rotter Polish","no","","","","jobcard_missing"
"19426","4227","Bumper Patchwork","no","","","","jobcard_missing"
"19427","4227","Cotton Waste","no","","","","jobcard_missing"
"19428","4227","Labourcharge","no","","","","jobcard_missing"
"19429","4257","Engine Oil","no","","","","jobcard_missing"
"19430","4257","Oil Filter","no","","","","jobcard_missing"
"19431","4257","Vaccum Hose","no","","","","jobcard_missing"
"19433","4073","Denting","no","","","","jobcard_missing"
"19434","4073","Number Plate","no","","","","jobcard_missing"
"19436","4073","Rain Guard","no","","","","jobcard_missing"
"19437","4073","Interior Washing","no","","","","jobcard_missing"
"19439","3926","Gear Selector Assy","no","","","","jobcard_missing"
"19440","4193","Wd 40","no","","","","jobcard_missing"
"19441","4193","Brake Fluid","no","","","","jobcard_missing"
"19442","4193","Cotton Waste","no","","","","jobcard_missing"
"19443","4264","M Seal","no","","","","jobcard_missing"
"19444","4264","Labour Charge","no","","","","jobcard_missing"
"19446","4073","Wd 40","no","","","","jobcard_missing"
"19447","4231","Brake Liner","no","","","","jobcard_missing"
"19448","4268","Spare Parts","no","","","","jobcard_missing"
"19449","4268","Brake Fluid","no","","","","jobcard_missing"
"19450","4268","Wd 40","no","","","","jobcard_missing"
"19451","4268","Cotton Waste","no","","","","jobcard_missing"
"19452","4268","Labour Charge","no","","","","jobcard_missing"
"19453","3926","Gear Liver Shaft","no","","","","jobcard_missing"
"19454","3926","Spare Parts","no","","","","jobcard_missing"
"19455","4249","Lower Arm Bush Lathe","no","","","","jobcard_missing"
"19456","4073","Spare Parts","no","","","","jobcard_missing"
"19457","4073","Diesel","no","","","","jobcard_missing"
"19458","4269","Engine Oil","no","","","","jobcard_missing"
"19459","4269","Oil Filter","no","","","","jobcard_missing"
"19460","4212","Spare Parts","no","","","","jobcard_missing"
"19461","4193","Water Service","no","","","","jobcard_missing"
"19462","4193","Alignment","no","","","","jobcard_missing"
"19463","4193","Labour Charge","no","","","","jobcard_missing"
"19464","4263","A/c Gas & Oil","no","","","","jobcard_missing"
"19465","4262","Cluster Programing","no","","","","jobcard_missing"
"19466","4195","Egr Cleaning & Labour Charge","no","","","","jobcard_missing"
"19467","4073","Labour Charge","no","","","","jobcard_missing"
"19468","4267","Clutch Set Assy","no","","","","jobcard_missing"
"19469","4267","Clutch Release Bearing","no","","","","jobcard_missing"
"19470","4267","Rack Bush","no","","","","jobcard_missing"
"19471","4267","Lower Arm Bush & End Lathe","no","","","","jobcard_missing"
"19472","4267","Steering Box Lathe","no","","","","jobcard_missing"
"19473","4263","Labour Charge","no","","","","jobcard_missing"
"19474","4262","Labour Charge","no","","","","jobcard_missing"
"19475","4208","Labour Charge","no","","","","jobcard_missing"
"19476","3912","Labour Charge","no","","","","jobcard_missing"
"19477","4267","Stabilizer Link","no","","","","jobcard_missing"
"19478","4249","Engine Oil 15w40","no","","","","jobcard_missing"
"19479","4175","Engine Head Lathe","no","","","","jobcard_missing"
"19480","4271","Spare Parts","no","","","","jobcard_missing"
"19481","4175","Spare Parts","no","","","","jobcard_missing"
"19482","4248","Iginition Coil","no","","","","jobcard_missing"
"19483","4265","Spare Parts","no","","","","jobcard_missing"
"19484","4265","Brake Pad","no","","","","jobcard_missing"
"19485","4265","Rotter Polish","no","","","","jobcard_missing"
"19486","4267","Caliper Lathe","no","","","","jobcard_missing"
"19487","4267","Brake Pad","no","","","","jobcard_missing"
"19488","4273","Battery","no","","","","jobcard_missing"
"19489","4273","Labour Charge","no","","","","jobcard_missing"
"19490","4249","Gear Selector Shaft","no","","","","jobcard_missing"
"19491","3926","Diesel For Wash","no","","","","jobcard_missing"
"19492","4269","Coolant","no","","","","jobcard_missing"
"19493","4022","Starter Service","no","","","","jobcard_missing"
"19495","4022","Labour Charge","no","","","","jobcard_missing"
"19497","4272","Spare Parts","no","","","","jobcard_missing"
"19498","4272","Brake Pad","no","","","","jobcard_missing"
"19499","4217","Belt 6pk1873","no","","","","jobcard_missing"
"19500","4177","Alternator Regulator","no","","","","jobcard_missing"
"19501","4177","Coolant","no","","","","jobcard_missing"
"19502","4175","Diesel For Wash","no","","","","jobcard_missing"
"19503","4097","Caliper Set Old","no","","","","jobcard_missing"
"19504","4267","Suspension Ball Joint","no","","","","jobcard_missing"
"19505","4267","Spare Parts","no","","","","jobcard_missing"
"19506","4267","Lower Arm Bush Set","no","","","","jobcard_missing"
"19507","4267","Balance Rod Bush","no","","","","jobcard_missing"
"19508","4267","Brake Fluid","no","","","","jobcard_missing"
"19509","4267","Wd 40","no","","","","jobcard_missing"
"19510","4267","Cotton Waste","no","","","","jobcard_missing"
"19511","4267","Grease","no","","","","jobcard_missing"
"19512","4267","Labour Charge","no","","","","jobcard_missing"
"19514","4269","Belt","no","","","","jobcard_missing"
"19515","4269","Spark Plug","no","","","","jobcard_missing"
"19516","4217","Labourcharge","no","","","","jobcard_missing"
"19517","4269","Wd 40","no","","","","jobcard_missing"
"19518","4269","Cotton Waste","no","","","","jobcard_missing"
"19519","4269","Labour Charge","no","","","","jobcard_missing"
"19520","4258","Lathe","no","","","","jobcard_missing"
"19521","4258","Labour Charge","no","","","","jobcard_missing"
"19522","4211","Spare Parts","no","","","","jobcard_missing"
"19523","4248","Central Lock Hanging Remote","no","","","","jobcard_missing"
"19525","4281","Oil Filter","no","","","","jobcard_missing"
"19526","4281","Spare Parts","no","","","","jobcard_missing"
"19527","4221","Power Steering Labour Charge","no","","","","jobcard_missing"
"19528","4212","Injector Service","no","","","","jobcard_missing"
"19529","4212","Labour Charge & Scaning","no","","","","jobcard_missing"
"19530","4212","Petrol","no","","","","jobcard_missing"
"19531","4221","A/c Labour Charge","no","","","","jobcard_missing"
"19533","4212","Headlight Bulb","no","","","","jobcard_missing"
"19534","4221","Old Balance","no","","","","jobcard_missing"
"19535","4177","Spare Parts","no","","","","jobcard_missing"
"19536","4285","Spare Parts","no","","","","jobcard_missing"
"19537","4230","Spare Parts","no","","","","jobcard_missing"
"19538","4282","Spare Parts","no","","","","jobcard_missing"
"19539","4282","Engine Oil","no","","","","jobcard_missing"
"19540","4177","Lower Arm Ball Lathe","no","","","","jobcard_missing"
"19541","4177","Rotter Polish","no","","","","jobcard_missing"
"19542","4177","Caliper Lathe","no","","","","jobcard_missing"
"19543","4177","Steering Box Lathe","no","","","","jobcard_missing"
"19544","4177","Brake Pad","no","","","","jobcard_missing"
"19545","4248","Wd 40","no","","","","jobcard_missing"
"19546","4177","Balance Rod Bush","no","","","","jobcard_missing"
"19547","4177","Wd 40","no","","","","jobcard_missing"
"19548","4177","Cotton Waste","no","","","","jobcard_missing"
"19549","4177","Brake Fluid","no","","","","jobcard_missing"
"19550","4177","Labour Charge","no","","","","jobcard_missing"
"19551","4287","Horn Piaa","no","","","","jobcard_missing"
"19552","4248","Cotton Waste","no","","","","jobcard_missing"
"19553","4248","Engine Oil","no","","","","jobcard_missing"
"19554","4211","Coolant","no","","","","jobcard_missing"
"19555","4211","Cabin Filter","no","","","","jobcard_missing"
"19556","4211","Labour Charge","no","","","","jobcard_missing"
"19557","4275","Spare Parts","no","","","","jobcard_missing"
"19558","4249","Gear Oil 75w80","no","","","","jobcard_missing"
"19559","3926","Gear Cable","no","","","","jobcard_missing"
"19560","4282","Gear Oil","no","","","","jobcard_missing"
"19561","4272","Grease","no","","","","jobcard_missing"
"19562","4272","Brake Fluid","no","","","","jobcard_missing"
"19563","4174","Labour","no","","","","jobcard_missing"
"19564","4272","Wd 40","no","","","","jobcard_missing"
"19565","4248","Oil Filter","no","","","","jobcard_missing"
"19566","4248","Labour Charge","no","","","","jobcard_missing"
"19567","4287","Valve Pin","no","","","","jobcard_missing"
"19568","4287","A/c Gas & Oil","no","","","","jobcard_missing"
"19569","3926","Gear Oil","no","","","","jobcard_missing"
"19570","3926","A/c Gas & Oil","no","","","","jobcard_missing"
"19571","3926","Cabin Filter","no","","","","jobcard_missing"
"19572","3926","Wd 40","no","","","","jobcard_missing"
"19573","4275","Lower Arm Ball Joint","no","","","","jobcard_missing"
"19574","3926","Foam","no","","","","jobcard_missing"
"19575","4287","Door Actuator","no","","","","jobcard_missing"
"19576","4257","Washer","no","","","","jobcard_missing"
"19577","3926","Fevibond","no","","","","jobcard_missing"
"19578","3926","A/c Labour Charge","no","","","","jobcard_missing"
"19579","3926","Mechanical Labour Charge","no","","","","jobcard_missing"
"19580","4230","Coolant","no","","","","jobcard_missing"
"19581","4230","Labour Charge","no","","","","jobcard_missing"
"19582","4230","Water Service","no","","","","jobcard_missing"
"19583","4272","Labour Charge","no","","","","jobcard_missing"
"19584","4285","Labour Charge","no","","","","jobcard_missing"
"19585","4271","Labour Charge","no","","","","jobcard_missing"
"19586","4282","Drum Polish","no","","","","jobcard_missing"
"19587","4282","Caliper Lathe","no","","","","jobcard_missing"
"19588","4282","Brake Fluid","no","","","","jobcard_missing"
"19589","4282","Wd 40","no","","","","jobcard_missing"
"19590","4282","Labour Charge","no","","","","jobcard_missing"
"19591","4261","Coolant Pump","no","","","","jobcard_missing"
"19592","4276","Rectifier Assy","no","","","","jobcard_missing"
"19593","4024","Wheel Speed Sensor Rr Rh","no","","","","jobcard_missing"
"19594","4024","Wheel Speed Sensor Fr","no","","","","jobcard_missing"
"19595","4289","Spare Parts","no","","","","jobcard_missing"
"19596","4289","Tag","no","","","","jobcard_missing"
"19597","4261","Spare Parts","no","","","","jobcard_missing"
"19598","4289","Labouur Charge","no","","","","jobcard_missing"
"19599","4290","Spare Parts","no","","","","jobcard_missing"
"19600","4290","Tag","no","","","","jobcard_missing"
"19601","4290","Labour Charge","no","","","","jobcard_missing"
"19602","4257","Wd 40","no","","","","jobcard_missing"
"19603","4257","Cotton Waste","no","","","","jobcard_missing"
"19604","4257","Bond","no","","","","jobcard_missing"
"19605","4257","Electrical Labour Charge","no","","","","jobcard_missing"
"19606","4257","Mechanical Labour Charge","no","","","","jobcard_missing"
"19608","4249","Head Light Bulb","no","","","","jobcard_missing"
"19609","4024","Brake Vaccum Pipe","no","","","","jobcard_missing"
"19610","4024","Brake Fluid Sensor","no","","","","jobcard_missing"
"19611","4024","Brake Fluid","no","","","","jobcard_missing"
"19612","4024","Thread Lock","no","","","","jobcard_missing"
"19613","4291","Spare Parts","no","","","","jobcard_missing"
"19614","4291","Brake Fluid","no","","","","jobcard_missing"
"19617","4291","Labour Charge","no","","","","jobcard_missing"
"19618","4291","","no","","","","jobcard_missing"
"19619","4249","Cabin Filter","no","","","","jobcard_missing"
"19620","4296","Denting","no","","","","jobcard_missing"
"19621","4296","Painting","no","","","","jobcard_missing"
"19622","4024","Water Service","no","","","","jobcard_missing"
"19623","4024","Tyre Remove & Resetting","no","","","","jobcard_missing"
"19624","4249","A/c Gas","no","","","","jobcard_missing"
"19625","4294","Cabin Filter","no","","","","jobcard_missing"
"19626","4195","Given By Customer","no","","","","jobcard_missing"
"19627","4024","Labour Charge","no","","","","jobcard_missing"
"19628","4294","A/c Gas","no","","","","jobcard_missing"
"19629","4294","Power Window Switch Repaire","no","","","","jobcard_missing"
"19630","4294","Labour Charge","no","","","","jobcard_missing"
"19631","4249","Brake Fluid","no","","","","jobcard_missing"
"19632","4249","Tag","no","","","","jobcard_missing"
"19633","4249","Painting & Polish","no","","","","jobcard_missing"
"19634","4179","Steering Box Rack Old","no","","","","jobcard_missing"
"19635","4179","Steering Box Lathe","no","","","","jobcard_missing"
"19636","4179","Lower Arm Bush Lathe","no","","","","jobcard_missing"
"19637","4179","Labour Charge","no","","","","jobcard_missing"
"19638","4179","Old Balance","no","","","","jobcard_missing"
"19639","4297","Alternator Pulley","no","","","","jobcard_missing"
"19640","4297","Labour Charge","no","","","","jobcard_missing"
"19641","4265","Axle Boot Service","no","","","","jobcard_missing"
"19642","4295","Engine Oil","no","","","","jobcard_missing"
"19643","4295","Oil Filter","no","","","","jobcard_missing"
"19644","4295","Steering Box Assy","no","","","","jobcard_missing"
"19645","4245","Spare Parts","no","","","","jobcard_missing"
"19646","4234","Gear Box Old","no","","","","jobcard_missing"
"19647","4275","Front Lower Arm Bush Kit","no","","","","jobcard_missing"
"19648","4234","Diesel For Wash","no","","","","jobcard_missing"
"19649","4295","Lower Arm Bush Lathe","no","","","","jobcard_missing"
"19650","4295","Control Arm Bush","no","","","","jobcard_missing"
"19651","4295","Balance Rod Bush","no","","","","jobcard_missing"
"19652","4299","Spare Parts","no","","","","jobcard_missing"
"19653","4299","Labour Charge","no","","","","jobcard_missing"
"19654","4300","Spare Parts","no","","","","jobcard_missing"
"19655","4300","Fuel Pump Motor Repalce Labour Charge","no","","","","jobcard_missing"
"19656","4300","Wheel Stud Change Labour Charge","no","","","","jobcard_missing"
"19657","4292","Axle Service Lh","no","","","","jobcard_missing"
"19658","4292","Spare Parts","no","","","","jobcard_missing"
"19659","4298","Spare Parts","no","","","","jobcard_missing"
"19660","4295","Wd 40","no","","","","jobcard_missing"
"19661","4295","Cotton Waste","no","","","","jobcard_missing"
"19662","4295","Labour Charge","no","","","","jobcard_missing"
"19663","4189","A/c Gas & Oil","no","","","","jobcard_missing"
"19664","4189","Compressor Pulley Lathe","no","","","","jobcard_missing"
"19665","4189","Mirror Service","no","","","","jobcard_missing"
"19666","4189","Front & Rear Suspension Labour Charge","no","","","","jobcard_missing"
"19667","4189","A/c Labour Charge","no","","","","jobcard_missing"
"19668","4303","Denting","no","","","","jobcard_missing"
"19669","4303","Painting","no","","","","jobcard_missing"
"19670","4292","Steering Box Lathe","no","","","","jobcard_missing"
"19671","4292","Rotter Polish","no","","","","jobcard_missing"
"19672","4302","Injector","no","","","","jobcard_missing"
"19673","4298","Rear Right Door Latch Motor","no","","","","jobcard_missing"
"19674","4298","Labour Charge","no","","","","jobcard_missing"
"19675","4281","Labour Charge","no","","","","jobcard_missing"
"19676","4287","Spare Parts","no","","","","jobcard_missing"
"19677","4245","Power Steering Hose","no","","","","jobcard_missing"
"19678","4287","Labour Charge","no","","","","jobcard_missing"
"19679","4211","Water Service","no","","","","jobcard_missing"
"19680","4307","Engine Oil","no","","","","jobcard_missing"
"19681","4307","A/c Gas","no","","","","jobcard_missing"
"19682","4115","Courier Charge ( Fender Liner & Engine Mount )","no","","","","jobcard_missing"
"19683","4292","Lower Arm Bush Lathe","no","","","","jobcard_missing"
"19684","4282","Alignment","no","","","","jobcard_missing"
"19685","4282","Tag","no","","","","jobcard_missing"
"19686","4310","Oil 5w30","no","","","","jobcard_missing"
"19687","4310","Spare Parts","no","","","","jobcard_missing"
"19688","4310","Labour Charge","no","","","","jobcard_missing"
"19691","4304","Diesel For Wash","no","","","","jobcard_missing"
"19692","4304","Spare Parts","no","","","","jobcard_missing"
"19693","4304","Valve Cover Packing","no","","","","jobcard_missing"
"19695","4304","Brake Shoe","no","","","","jobcard_missing"
"19696","4265","Caliper Set Old","no","","","","jobcard_missing"
"19697","4317","Spare Parts","no","","","","jobcard_missing"
"19698","4317","A/c Gas & Oil","no","","","","jobcard_missing"
"19702","4304","Injector Seal","no","","","","jobcard_missing"
"19703","4304","Rear Drum Polish","no","","","","jobcard_missing"
"19704","4304","Lower Arm Bush Lathe","no","","","","jobcard_missing"
"19705","4304","Steering Box Lathe","no","","","","jobcard_missing"
"19706","4304","Rack Bush","no","","","","jobcard_missing"
"19707","4304","Caliper Lathe","no","","","","jobcard_missing"
"19708","4316","Spare Parts","no","","","","jobcard_missing"
"19709","4312","Spare Parts","no","","","","jobcard_missing"
"19710","4097","Injector","no","","","","jobcard_missing"
"19712","4115","Brake Fluid","no","","","","jobcard_missing"
"19713","4115","Tag","no","","","","jobcard_missing"
"19714","4316","A/c Gas","no","","","","jobcard_missing"
"19715","4316","Cooling Coil Cleaning","no","","","","jobcard_missing"
"19716","4275","Stabiliser Rubber Bush","no","","","","jobcard_missing"
"19717","4292","Brake Fluid","no","","","","jobcard_missing"
"19718","4292","Engine Oil","no","","","","jobcard_missing"
"19719","4054","Injector Seating Washer","no","","","","jobcard_missing"
"19720","4054","Injector Soket","no","","","","jobcard_missing"
"19721","4054","Scaning & Programing","no","","","","jobcard_missing"
"19722","4215","Ecm Immo By Pass","no","","","","jobcard_missing"
"19723","4215","Labour Charge","no","","","","jobcard_missing"
"19724","4054","Electrical & Injector Labour Charge","no","","","","jobcard_missing"
"19725","4054","Valve Door & Wheel Bearing Mechanical Labour Charge","no","","","","jobcard_missing"
"19726","4292","Rear Caliper Lathe","no","","","","jobcard_missing"
"19727","4292","Wd 40","no","","","","jobcard_missing"
"19728","4292","Labour Charge","no","","","","jobcard_missing"
"19729","4275","Rackbush","no","","","","jobcard_missing"
"19730","4275","Rack End Assy","no","","","","jobcard_missing"
"19731","4275","Stabilizer Link","no","","","","jobcard_missing"
"19732","4275","Head Light Bulb 60/55","no","","","","jobcard_missing"
"19733","4275","Lower Arm Bush Lathe","no","","","","jobcard_missing"
"19734","4275","Wd 40","no","","","","jobcard_missing"
"19735","4275","Brake Fluid","no","","","","jobcard_missing"
"19736","4275","Cotton Waste","no","","","","jobcard_missing"
"19737","4275","Labour Charge","no","","","","jobcard_missing"
"19738","4275","Alignment","no","","","","jobcard_missing"
"19739","4319","Labour Charge","no","","","","jobcard_missing"
"19740","4318","Engine Oil","no","","","","jobcard_missing"
"19741","2842","Diesel","no","","","","jobcard_missing"
"19742","4234","Gear Box Threading Lathe","no","","","","jobcard_missing"
"19743","4234","Gear Oil","no","","","","jobcard_missing"
"19746","4234","Cotton Waste","no","","","","jobcard_missing"
"19747","4234","Wd","no","","","","jobcard_missing"
"19748","4234","Labour Charge","no","","","","jobcard_missing"
"19749","4234","Spare Parts","no","","","","jobcard_missing"
"19750","4313","Spare Parts","no","","","","jobcard_missing"
"19751","4313","Steering Box Lathe","no","","","","jobcard_missing"
"19752","4313","Lower Arm Bush Lathe","no","","","","jobcard_missing"
"19753","4313","Wd 40","no","","","","jobcard_missing"
"19754","4313","Gear Oil 75/80","no","","","","jobcard_missing"
"19755","4317","Labour Charge","no","","","","jobcard_missing"
"19756","4317","Engine Oil Top Up","no","","","","jobcard_missing"
"19757","4318","Oil Filter","no","","","","jobcard_missing"
"19758","4288","Evaporator Assy","no","","","","jobcard_missing"
"19759","4288","Condenser","no","","","","jobcard_missing"
"19760","4288","A/c Gas & Oil","no","","","","jobcard_missing"
"19761","4288","Valve Pin","no","","","","jobcard_missing"
"19762","4306","Pump Switch Old","no","","","","jobcard_missing"
"19763","4304","Engine Oil 5w40","no","","","","jobcard_missing"
"19764","4304","Heater Hose","no","","","","jobcard_missing"
"19765","4305","Injector Bolt Lathe","no","","","","jobcard_missing"
"19766","4115","Bumber Fix","no","","","","jobcard_missing"
"19767","4321","Spare Parts","no","","","","jobcard_missing"
"19768","4321","Labour Charge","no","","","","jobcard_missing"
"19769","4245","Atf Oil","no","","","","jobcard_missing"
"19770","4245","Labour Charge","no","","","","jobcard_missing"
"19771","4245","Water Service","no","","","","jobcard_missing"
"19773","3882","Brake Fluid","no","","","","jobcard_missing"
"19774","3882","Wd 40","no","","","","jobcard_missing"
"19775","3882","Water Service","no","","","","jobcard_missing"
"19776","4302","Labour Charge","no","","","","jobcard_missing"
"19777","4313","Labour Charge","no","","","","jobcard_missing"
"19778","4323","Engine Oil 5w30","no","","","","jobcard_missing"
"19779","4323","Oil Filter","no","","","","jobcard_missing"
"19780","4283","Labour Charge","no","","","","jobcard_missing"
"19781","3882","Labour Charge","no","","","","jobcard_missing"
"19782","4324","Cluster Service","no","","","","jobcard_missing"
"19783","4325","Headlight Bulb & Labour Charge","no","","","","jobcard_missing"
"19784","4313","Valve Pin","no","","","","jobcard_missing"
"19785","4313","A/c Gas","no","","","","jobcard_missing"
"19786","4323","Cabin Filter","no","","","","jobcard_missing"
"19787","4115","M Seal","no","","","","jobcard_missing"
"19788","4115","Wd 40","no","","","","jobcard_missing"
"19789","4115","Engine Oil Top Up","no","","","","jobcard_missing"
"19790","4304","Wheel Speed Sensor Frh","no","","","","jobcard_missing"
"19792","4304","Coolant","no","","","","jobcard_missing"
"19794","4304","Wd 40","no","","","","jobcard_missing"
"19795","4323","Spare Parts","no","","","","jobcard_missing"
"19797","4304","Grease","no","","","","jobcard_missing"
"19798","4304"," Fog Lamb Bulb H8","no","","","","jobcard_missing"
"19799","4304","Labour Charge","no","","","","jobcard_missing"
"19800","4304","Mechanical  Next To Check : Rear Shock,frnt Rotter","no","","","","jobcard_missing"
"19801","4304","Fr Rh Wheel Bearing,wiper Blade,hand Break Module","no","","","","jobcard_missing"
"19802","4293","Labour Charge","no","","","","jobcard_missing"
"19803","4329","Starter Brush","no","","","","jobcard_missing"
"19804","4323","Brake Fluid","no","","","","jobcard_missing"
"19805","4323","Wd 40","no","","","","jobcard_missing"
"19806","4305","Engine Oil 5w30","no","","","","jobcard_missing"
"19807","4305","Oil Filter","no","","","","jobcard_missing"
"19808","4305","Gasket Oil Pump","no","","","","jobcard_missing"
"19809","4305","Crank Shaft Seal","no","","","","jobcard_missing"
"19810","4180","Engine Oil","no","","","","jobcard_missing"
"19811","4180","Oil Filter","no","","","","jobcard_missing"
"19812","4329","Solenoid Contact","no","","","","jobcard_missing"
"19813","4329","Labour Charge","no","","","","jobcard_missing"
"19814","4305","Spare Parts","no","","","","jobcard_missing"
"19815","4330","Spare Parts","no","","","","jobcard_missing"
"19816","4330","Cabin Filter","no","","","","jobcard_missing"
"19817","4330","Engine Oil 5w30","no","","","","jobcard_missing"
"19818","4335","Engine Oil 15w40","no","","","","jobcard_missing"
"19819","4335","Oil Filter","no","","","","jobcard_missing"
"19820","4331","Spare Parts","no","","","","jobcard_missing"
"19821","4115","Water Service","no","","","","jobcard_missing"
"19822","4115","Labour Charge","no","","","","jobcard_missing"
"19823","4115","Electrical Labour Charge","no","","","","jobcard_missing"
"19824","4249","5w5 Capless Bulb","no","","","","jobcard_missing"
"19825","4249","Cotton Waste","no","","","","jobcard_missing"
"19826","4249","Mechanical Labour Charge","no","","","","jobcard_missing"
"19828","4330","Brake Fluid","no","","","","jobcard_missing"
"19829","4330","Diesel For Wash","no","","","","jobcard_missing"
"19830","4249","Electrical Labour Charge","no","","","","jobcard_missing"
"19831","4330","Wheel Bearing Lathe","no","","","","jobcard_missing"
"19832","4330","Wd 40","no","","","","jobcard_missing"
"19833","4330","Scaning","no","","","","jobcard_missing"
"19834","4330","Egr Cleaning","no","","","","jobcard_missing"
"19835","4330","Abs Sensor Labour Charge","no","","","","jobcard_missing"
"19836","4330","Full Service Labour Charge","no","","","","jobcard_missing"
"19837","4249","Water Service","no","","","","jobcard_missing"
"19838","4342","Engine Oil 5w30","no","","","","jobcard_missing"
"19839","4342","Oil Filter","no","","","","jobcard_missing"
"19840","4342","Coolant","no","","","","jobcard_missing"
"19841","4342","Brake Fluid","no","","","","jobcard_missing"
"19842","4342","Cabin Filter","no","","","","jobcard_missing"
"19843","4342","P21/5w Bulb","no","","","","jobcard_missing"
"19844","4342","Wd 40","no","","","","jobcard_missing"
"19845","4342","Spare Parts","no","","","","jobcard_missing"
"19846","4342","Labour Charge","no","","","","jobcard_missing"
"19847","4343","Spare Parts","no","","","","jobcard_missing"
"19848","4343","Scaning & Labour Charge","no","","","","jobcard_missing"
"19849","4336","Spare Parts","no","","","","jobcard_missing"
"19850","4305","Rack Bush","no","","","","jobcard_missing"
"19851","4305","Balance Rod Bush","no","","","","jobcard_missing"
"19852","4305","Steering Box Lathe","no","","","","jobcard_missing"
"19853","4334","Spare Parts","no","","","","jobcard_missing"
"19854","4334","Engine Oil","no","","","","jobcard_missing"
"19855","4305","Drum Polish","no","","","","jobcard_missing"
"19857","4318","Headlight Bulb 60/55","no","","","","jobcard_missing"
"19858","4331","Gear Selector Bush","no","","","","jobcard_missing"
"19859","4331","Thread Locker","no","","","","jobcard_missing"
"19860","4331","Brake Fluid","no","","","","jobcard_missing"
"19861","4331","Wd 40","no","","","","jobcard_missing"
"19862","4331","Tag","no","","","","jobcard_missing"
"19863","4333","Labour Charge","no","","","","jobcard_missing"
"19865","4331","Labour Charge","no","","","","jobcard_missing"
"19866","2502","Key","no","","","","jobcard_missing"
"19867","4318","Brake Fluid","no","","","","jobcard_missing"
"19868","4318","Steering Column Lathe & Labour Charge","no","","","","jobcard_missing"
"19869","4318","Customer Given","no","","","","jobcard_missing"
"19870","4334","Oil Filter","no","","","","jobcard_missing"
"19871","4334","Brake Pad","no","","","","jobcard_missing"
"19872","4349","Spare Parts","no","","","","jobcard_missing"
"19873","4349","Diesel","no","","","","jobcard_missing"
"19874","4323","Cotton Waste","no","","","","jobcard_missing"
"19875","4354","Silencer Welding","no","","","","jobcard_missing"
"19876","4327","Spare Parts","no","","","","jobcard_missing"
"19877","4305","Caliper Lathe","no","","","","jobcard_missing"
"19878","4334","Rotter Polish","no","","","","jobcard_missing"
"19879","4334","Brake Fluid","no","","","","jobcard_missing"
"19880","4334","Cabin Filter","no","","","","jobcard_missing"
"19881","4265","Brake Fluid","no","","","","jobcard_missing"
"19882","4345","Clutch Set Assy","no","","","","jobcard_missing"
"19883","4305","Rotter Polish","no","","","","jobcard_missing"
"19885","4305","Axle Service Rh & Lh","no","","","","jobcard_missing"
"19886","4305","Pump Service","no","","","","jobcard_missing"
"19887","4305","Cabin Filter","no","","","","jobcard_missing"
"19889","4355","Engine Oil","no","","","","jobcard_missing"
"19890","4355","Oil Filter","no","","","","jobcard_missing"
"19891","4355","Spare Parts","no","","","","jobcard_missing"
"19892","4265","Wd 40","no","","","","jobcard_missing"
"19893","4337","A/c Gas & Oil","no","","","","jobcard_missing"
"19894","4337","A/c Valve Pin","no","","","","jobcard_missing"
"19895","4334","Gear Oil","no","","","","jobcard_missing"
"19896","4334","Wd 40","no","","","","jobcard_missing"
"19897","4334","Labour Charge","no","","","","jobcard_missing"
"19898","4355","Brake Fluid","no","","","","jobcard_missing"
"19899","4355","Headlight Bulb 100/90","no","","","","jobcard_missing"
"19900","4323","Labour Charge","no","","","","jobcard_missing"
"19901","4265","Tyre","no","","","","jobcard_missing"
"19902","4265","Alignment","no","","","","jobcard_missing"
"19903","4337","A/c Labour Charge","no","","","","jobcard_missing"
"19904","4355","Labour Charge","no","","","","jobcard_missing"
"19905","4334","Alignment","no","","","","jobcard_missing"
"19906","4288","Oring","no","","","","jobcard_missing"
"19907","4345","Spare Parts","no","","","","jobcard_missing"
"19908","4327","Door Actuator Frh","no","","","","jobcard_missing"
"19909","4327","Engine Oil","no","","","","jobcard_missing"
"19910","4327","Oil Filter","no","","","","jobcard_missing"
"19911","4332","Spare Parts","no","","","","jobcard_missing"
"19912","4327","Atf Oil","no","","","","jobcard_missing"
"19913","4355","Next Check Up 194264 Km","no","","","","jobcard_missing"
"19914","4344","Immobilizer Service","no","","","","jobcard_missing"
"19915","4337","Door Actuator","no","","","","jobcard_missing"
"19916","4337","M Seal","no","","","","jobcard_missing"
"19917","4337","Electrical Labour Charge","no","","","","jobcard_missing"
"19918","4346","Alternator Regulator","no","","","","jobcard_missing"
"19919","4327","Mechanical Labour Charge","no","","","","jobcard_missing"
"19920","4327","Electrical Labour Charge","no","","","","jobcard_missing"
"19921","4234","Rear Arm Bush Lathe","no","","","","jobcard_missing"
"19922","4345","Front Lower Arm  Rh & Lh","no","","","","jobcard_missing"
"19923","4356","Spare Parts","no","","","","jobcard_missing"
"19924","4356","Lower Arm Bush Lathe","no","","","","jobcard_missing"
"19925","4349","Injector","no","","","","jobcard_missing"
"19926","4336","Engine Oil 15w40","no","","","","jobcard_missing"
"19927","4336","Oil Filter","no","","","","jobcard_missing"
"19928","4336","Brake Fluid","no","","","","jobcard_missing"
"19929","4335","Labour Charge","no","","","","jobcard_missing"
"19930","4213","Refunded 4800,1800..6600","no","","","","jobcard_missing"
"19931","4353","Spare Parts","no","","","","jobcard_missing"
"19932","4353","Clutch Set  Assy","no","","","","jobcard_missing"
"19933","4353","Clutch Release Bearing","no","","","","jobcard_missing"
"19934","4332","Engine Oil","no","","","","jobcard_missing"
"19935","4332","Oil Filter","no","","","","jobcard_missing"
"19936","4332","Diesel Filter","no","","","","jobcard_missing"
"19937","4332","Lower Arm Bush Lathe","no","","","","jobcard_missing"
"19939","4358","Spare Parts","no","","","","jobcard_missing"
"19940","4356","Cabin Filter","no","","","","jobcard_missing"
"19941","4356","Brake Fluid","no","","","","jobcard_missing"
"19942","4356","Engine Oil Top Up (15w 40)","no","","","","jobcard_missing"
"19943","4356","Wd 40","no","","","","jobcard_missing"
"19945","4356","Cotton Waste","no","","","","jobcard_missing"
"19946","4356","Tag","no","","","","jobcard_missing"
"19947","4356","Drywall Screw","no","","","","jobcard_missing"
"19948","4356","Alignment","no","","","","jobcard_missing"
"19949","4356","Labour Charge","no","","","","jobcard_missing"
"19950","4360","Spare Parts","no","","","","jobcard_missing"
"19951","4332","Cabin Filter","no","","","","jobcard_missing"
"19952","4332","Brake Fluid","no","","","","jobcard_missing"
"19953","4332","Wd 40","no","","","","jobcard_missing"
"19954","4332","Tag","no","","","","jobcard_missing"
"19955","4360","Labour Charge","no","","","","jobcard_missing"
"19956","4353","Coolant","no","","","","jobcard_missing"
"19957","4353","Caliper Lathe","no","","","","jobcard_missing"
"19958","4353","Silencer Welding & Bumper Fixing","no","","","","jobcard_missing"
"19959","4360","Battery Terminal","no","","","","jobcard_missing"
"19960","4332","Scaning","no","","","","jobcard_missing"
"19961","4332","Power Loose Electrical Labour Charge","no","","","","jobcard_missing"
"19962","4332","Mechanical Labour Charge","no","","","","jobcard_missing"
"19963","4306","Labour Charge","no","","","","jobcard_missing"
"19964","4306","Benz Oil Change Labour Charge","no","","","","jobcard_missing"
"19965","4016","Petrol","no","","","","jobcard_missing"
"19966","4365","Spare Parts","no","","","","jobcard_missing"
"19967","4365","Oil","no","","","","jobcard_missing"
"19968","4365","Labour Charge","no","","","","jobcard_missing"
"19969","4349","Lift Pump Assy","no","","","","jobcard_missing"
"19970","3929","Automatic Kit","no","","","","jobcard_missing"
"19971","4192","Petrol","no","","","","jobcard_missing"
"19972","4332","A/c Gas","no","","","","jobcard_missing"
"19973","4353","Wd 40","no","","","","jobcard_missing"
"19974","4345","Caliper Lathe","no","","","","jobcard_missing"
"19975","4345","Brake Fluid","no","","","","jobcard_missing"
"19977","4366","Starter Brush","no","","","","jobcard_missing"
"19978","4180","Stabiliser Link","no","","","","jobcard_missing"
"19980","4362","Engine Oil ( 15w40 )","no","","","","jobcard_missing"
"19981","4362","Oil Filter","no","","","","jobcard_missing"
"19982","4362","Spare Parts","no","","","","jobcard_missing"
"19983","4362","Lower Arm Bush Lathe","no","","","","jobcard_missing"
"19984","4358","Cabin Filter","no","","","","jobcard_missing"
"19985","4180","Cabin Filter","no","","","","jobcard_missing"
"19986","4097","M Seal","no","","","","jobcard_missing"
"19987","4346","Tag","no","","","","jobcard_missing"
"19988","4117","Gear Oil","no","","","","jobcard_missing"
"19989","4276","Alternator Lathe","no","","","","jobcard_missing"
"19990","4358","Labour Charge","no","","","","jobcard_missing"
"19991","4358","Customer Given","no","","","","jobcard_missing"
"19992","4261","Head Lathe","no","","","","jobcard_missing"
"19993","4353","Cotton Waste","no","","","","jobcard_missing"
"19994","4353","Labour Charge","no","","","","jobcard_missing"
"19995","4345","Engine Oil","no","","","","jobcard_missing"
"19996","4368","Engine Oil","no","","","","jobcard_missing"
"19997","4368","Oil Filter","no","","","","jobcard_missing"
"19998","4368","Air Filter","no","","","","jobcard_missing"
"19999","4368","Cabin Filter","no","","","","jobcard_missing"
"20000","4368","Labour Charge","no","","","","jobcard_missing"
"20001","4180","Drum Polish","no","","","","jobcard_missing"
"20002","4180","Brake Fluid","no","","","","jobcard_missing"
"20003","4180","Wd 40","no","","","","jobcard_missing"
"20004","4180","Engine Mount Lh","no","","","","jobcard_missing"
"20005","4345","Labour Charge","no","","","","jobcard_missing"
"20006","4369","Hose","no","","","","jobcard_missing"
"20007","4369","Spare Parts","no","","","","jobcard_missing"
"20008","4346","Labour Charge","no","","","","jobcard_missing"
"20009","4366","Starter Solenoid Switch","no","","","","jobcard_missing"
"20010","4366","Diesel For Wash","no","","","","jobcard_missing"
"20011","4366","A/c Gas","no","","","","jobcard_missing"
"20012","4366","Labour Charge","no","","","","jobcard_missing"
"20014","4336","Wd 40","no","","","","jobcard_missing"
"20015","4336","Electrical Labour Charge","no","","","","jobcard_missing"
"20016","4336","Mechanical Labour Charge","no","","","","jobcard_missing"
"20017","4336","Old Balance","no","","","","jobcard_missing"
"20018","4362","Cabin Filter","no","","","","jobcard_missing"
"20019","4362","Brake Fluid","no","","","","jobcard_missing"
"20020","4362","Wd 40","no","","","","jobcard_missing"
"20021","4362","H7 Bulb","no","","","","jobcard_missing"
"20022","4328","Dpf Ecm Data & Programing","no","","","","jobcard_missing"
"20023","4328","Petrol","no","","","","jobcard_missing"
"20024","4328","Labour Charge","no","","","","jobcard_missing"
"20025","4328","Water Service","no","","","","jobcard_missing"
"20026","4192","Gear Box  Learing & Programing Labour Charge","no","","","","jobcard_missing"
"20027","4345","Reverse Sensor","no","","","","jobcard_missing"
"20028","4345","Electrical Labour Charge","no","","","","jobcard_missing"
"20029","4345","Mechanical Observation Next To Check: Brake Adjuster Rear,front Rotter Change","no","","","","jobcard_missing"
"20030","1889","Petrol","no","","","","jobcard_missing"
"20031","4261","Head Gasket","no","","","","jobcard_missing"
"20032","4172","Evaporator","no","","","","jobcard_missing"
"20033","4172","A/c Gas & Oil","no","","","","jobcard_missing"
"20034","4172","Oring & Valve Pin","no","","","","jobcard_missing"
"20035","4370","Winder Fr Rh","no","","","","jobcard_missing"
"20036","4370","Motor Gear","no","","","","jobcard_missing"
"20037","4181","Courier Charge Gear Box","no","","","","jobcard_missing"
"20038","4377","Spare Parts","no","","","","jobcard_missing"
"20039","4378","Engine Oil","no","","","","jobcard_missing"
"20040","4378","Oil Filter","no","","","","jobcard_missing"
"20041","4378","Labour Charge","no","","","","jobcard_missing"
"20042","4097","A/c Gas & Oil","no","","","","jobcard_missing"
"20043","4181","Super Sealer Gray","no","","","","jobcard_missing"
"20044","4305","Air Filter","no","","","","jobcard_missing"
"20046","4377","Denting & Labour Charge","no","","","","jobcard_missing"
"20047","4097","Engine Oil","no","","","","jobcard_missing"
"20048","4097","Drum Polish","no","","","","jobcard_missing"
"20049","4097","Lower Arm Bush Lathe","no","","","","jobcard_missing"
"20050","4097","Coolant","no","","","","jobcard_missing"
"20051","4097","Atf Oil","no","","","","jobcard_missing"
"20052","4097","Brake Fluid","no","","","","jobcard_missing"
"20053","4097","Remote Battery","no","","","","jobcard_missing"
"20054","4316","Silencer Welding","no","","","","jobcard_missing"
"20055","4380","Clutch Set Assy (sachs)","no","","","","jobcard_missing"
"20056","4380","Clutch Release Bearing (sachs)","no","","","","jobcard_missing"
"20057","4314","Oil Cooler","no","","","","jobcard_missing"
"20058","4376","Condenser Welding &a/c Gas","no","","","","jobcard_missing"
"20059","4380","Engine Oil {15w40}","no","","","","jobcard_missing"
"20060","4380","Oil Filter","no","","","","jobcard_missing"
"20061","4380","Diesel Filter","no","","","","jobcard_missing"
"20062","4380","Brake Pad {trw}","no","","","","jobcard_missing"
"20063","4172","Rear Arm Bush Lathe","no","","","","jobcard_missing"
"20064","4362","Alignment & Tye Rotation","no","","","","jobcard_missing"
"20065","4362","Tag","no","","","","jobcard_missing"
"20066","4362","Wiper Hose & I Clamp","no","","","","jobcard_missing"
"20067","4362","Mechanical Labour Charge","no","","","","jobcard_missing"
"20068","4362","Electrical Labour Charge","no","","","","jobcard_missing"
"20069","4379","Wheel Bearing Front Lh","no","","","","jobcard_missing"
"20070","4379","Wheel Bearing Lathe","no","","","","jobcard_missing"
"20071","4369","Labour Charge","no","","","","jobcard_missing"
"20072","4370","Labour Charge","no","","","","jobcard_missing"
"20073","4349","Labour Charge","no","","","","jobcard_missing"
"20074","4379","Wheel Speed Sensor Rear Rh","no","","","","jobcard_missing"
"20075","4305","Brake Fluid","no","","","","jobcard_missing"
"20076","4380","Spare Parts","no","","","","jobcard_missing"
"20077","4379","Spare Parts","no","","","","jobcard_missing"
"20078","4381","Oil Leak Labour Charge","no","","","","jobcard_missing"
"20079","4380","Bolt","no","","","","jobcard_missing"
"20080","4382","Bulb","no","","","","jobcard_missing"
"20081","4382","Labour Charge/head Light Focus,horn","no","","","","jobcard_missing"
"20082","4379","Wd 40","no","","","","jobcard_missing"
"20083","4379","Brake Fluid","no","","","","jobcard_missing"
"20084","4379","Cotton Waste","no","","","","jobcard_missing"
"20085","4379","Labour Charge","no","","","","jobcard_missing"
"20086","4380","Starter Bolt Threading Lathe","no","","","","jobcard_missing"
"20087","4172","Bolt Threading Lathe","no","","","","jobcard_missing"
"20088","4301","Starter One Way Clutch","no","","","","jobcard_missing"
"20089","4380","Gear Oil {80/90}","no","","","","jobcard_missing"
"20090","4380","Cabin Filter","no","","","","jobcard_missing"
"20091","4380","Coolant","no","","","","jobcard_missing"
"20092","4314","Coolant","no","","","","jobcard_missing"
"20093","4380","Brake Fluid","no","","","","jobcard_missing"
"20094","2898","Old Ba","no","","","","jobcard_missing"
"20095","4036","Old Balance","no","","","","jobcard_missing"
"20097","4314","Diesel","no","","","","jobcard_missing"
"20098","4380","Wiper Blade {bosch}","no","","","","jobcard_missing"
"20099","4386","Spare Parts","no","","","","jobcard_missing"
"20100","4386","Interior Washing","no","","","","jobcard_missing"
"20101","4172","Rear Shock {trw}","no","","","","jobcard_missing"
"20102","4172","Drum Polish","no","","","","jobcard_missing"
"20103","4380","Wd 40","no","","","","jobcard_missing"
"20104","4380","Labour Charge","no","","","","jobcard_missing"
"20105","4390","Clutch Set Of 3","no","","","","jobcard_missing"
"20106","4392","Spare Parts","no","","","","jobcard_missing"
"20107","4392","Cabin Filter","no","","","","jobcard_missing"
"20108","4392","Interior Washing","no","","","","jobcard_missing"
"20109","4172","Spare Parts","no","","","","jobcard_missing"
"20110","4172","Engine Oil Top Up","no","","","","jobcard_missing"
"20111","4172","Brake Fluid","no","","","","jobcard_missing"
"20112","4172","Wd 40","no","","","","jobcard_missing"
"20113","4172","Cotton Waste","no","","","","jobcard_missing"
"20114","4172","Tag","no","","","","jobcard_missing"
"20115","4172","Electrical Labour Charge","no","","","","jobcard_missing"
"20116","4172","Mechanical Labour Charge","no","","","","jobcard_missing"
"20117","4172","A/c Labour Charge","no","","","","jobcard_missing"
"20118","4395","Air Filter Clamp Welding","no","","","","jobcard_missing"
"20119","4388","Brake Fluid","no","","","","jobcard_missing"
"20120","4388","Wd 40","no","","","","jobcard_missing"
"20121","4388","Labour Charge","no","","","","jobcard_missing"
"20123","4396","Spare Parts","no","","","","jobcard_missing"
"20124","4396","Rotter Polish","no","","","","jobcard_missing"
"20125","4396","Brake Fluid","no","","","","jobcard_missing"
"20126","4396","Engine Oil Top Up","no","","","","jobcard_missing"
"20127","4396","Wd 40","no","","","","jobcard_missing"
"20128","4396","Cotton Waste","no","","","","jobcard_missing"
"20129","4305","Wd 40","no","","","","jobcard_missing"
"20130","4305","Tag","no","","","","jobcard_missing"
"20131","4305","Alignment","no","","","","jobcard_missing"
"20132","4301","Solenoid Switch Old","no","","","","jobcard_missing"
"20133","4261","Radiator Fan Motor","no","","","","jobcard_missing"
"20134","4396","Labour Charge","no","","","","jobcard_missing"
"20135","4399","Engine Oil","no","","","","jobcard_missing"
"20136","4399","Oil Filter","no","","","","jobcard_missing"
"20137","4399","Stopper Bush","no","","","","jobcard_missing"
"20138","4399","Spare Parts","no","","","","jobcard_missing"
"20139","4399","Labour Charge","no","","","","jobcard_missing"
"20140","4181","Coolant","no","","","","jobcard_missing"
"20141","4181","Brake Fluid","no","","","","jobcard_missing"
"20143","4181","Gear Box Cooler","no","","","","jobcard_missing"
"20144","4181","Wd 40","no","","","","jobcard_missing"
"20145","4181","Cotton Waste","no","","","","jobcard_missing"
"20146","4181","Labour Charge","no","","","","jobcard_missing"
"20147","4171","Cotton Waste","no","","","","jobcard_missing"
"20148","4171","Labour Charge","no","","","","jobcard_missing"
"20149","4301","Wd 40","no","","","","jobcard_missing"
"20150","4301","Scaning","no","","","","jobcard_missing"
"20151","4301","Starter Service Labour","no","","","","jobcard_missing"
"20152","4301","Electrical Labour Charge","no","","","","jobcard_missing"
"20153","4301","Mechanical Labour Charge","no","","","","jobcard_missing"
"20154","4192","Motor Transmision Shift Control","no","","","","jobcard_missing"
"20155","4314","Old Balance","no","","","","jobcard_missing"
"20156","4401","Cooling Coil Pipe Welding","no","","","","jobcard_missing"
"20157","4401","Gas & Oil","no","","","","jobcard_missing"
"20158","4401","Labour Charge","no","","","","jobcard_missing"
"20159","4401","Old Balance","no","","","","jobcard_missing"
"20161","4401","Spare Parts","no","","","","jobcard_missing"
"20162","4402","Spare Parts","no","","","","jobcard_missing"
"20163","4402","Lower Arm Lathe","no","","","","jobcard_missing"
"20164","4402","Rear Bush Kit","no","","","","jobcard_missing"
"20165","4402","Rear Rotter Polish","no","","","","jobcard_missing"
"20166","4402","Rear Arm Bush Lathe","no","","","","jobcard_missing"
"20167","4402","Engine Mount Rear","no","","","","jobcard_missing"
"20168","4402","Engine Mount Front","no","","","","jobcard_missing"
"20169","4402","Wheather Strip","no","","","","jobcard_missing"
"20170","4402","Diesel For Washdiesel For Wash","no","","","","jobcard_missing"
"20171","4402","Coolant","no","","","","jobcard_missing"
"20172","4402","Crankase & Alternator  Thread Lathe","no","","","","jobcard_missing"
"20173","4402","Brake Fluid , Wd 40 & Cotton Waste","no","","","","jobcard_missing"
"20174","4402","Door Latch Rr Lh","no","","","","jobcard_missing"
"20175","4402","Mirror Indicator Rh","no","","","","jobcard_missing"
"20176","4402","Atf Oil","no","","","","jobcard_missing"
"20177","4402","A/c Gas & Oil","no","","","","jobcard_missing"
"20178","4402","Wiper Hose & I & Y Elbow & Wiper Motor","no","","","","jobcard_missing"
"20179","4402","Blower Fan","no","","","","jobcard_missing"
"20180","4402","Power Steering Pump Old","no","","","","jobcard_missing"
"20181","4402","Alignment","no","","","","jobcard_missing"
"20182","4402","Water Service","no","","","","jobcard_missing"
"20183","4402","Labour Charge","no","","","","jobcard_missing"
"20184","4398","Spare Parts","no","","","","jobcard_missing"
"20185","4398","Lower Arm & Upper Arm Bush Lathe","no","","","","jobcard_missing"
"20186","4398","Power Steering Service","no","","","","jobcard_missing"
"20187","1889","Compressor Oring & Oil Seal","no","","","","jobcard_missing"
"20188","4405","Throttle Body Packing","no","","","","jobcard_missing"
"20189","3929","Petrol","no","","","","jobcard_missing"
"20190","4276","Labour Charge","no","","","","jobcard_missing"
"20191","4316","Labour Charge","no","","","","jobcard_missing"
"20192","4403","Diesel","no","","","","jobcard_missing"
"20193","4405","Throttle Body Cleaner","no","","","","jobcard_missing"
"20194","4405","Labour Charge","no","","","","jobcard_missing"
"20195","4387","Clutch Set Assy Set Of 3{sachs}","no","","","","jobcard_missing"
"20196","4387","Stabilizer Link","no","","","","jobcard_missing"
"20197","4305","Labour Charge","no","","","","jobcard_missing"
"20198","4261","Valve Stum Seal","no","","","","jobcard_missing"
"20199","4203","Gear Liver Bush","no","","","","jobcard_missing"
"20200","4261","Engine Oil {5w30}","no","","","","jobcard_missing"
"20201","4363","Weatherstrip Rear Door Opening","no","","","","jobcard_missing"
"20202","4261","Spark Plug","no","","","","jobcard_missing"
"20203","4357","Spare Parts","no","","","","jobcard_missing"
"20204","4406","Radiator Fan Motor","no","","","","jobcard_missing"
"20205","4408","Engine Oil","no","","","","jobcard_missing"
"20206","4408","Oil Filter","no","","","","jobcard_missing"
"20207","4408","Spare Parts","no","","","","jobcard_missing"
"20208","4363","Wd 40","no","","","","jobcard_missing"
"20209","4363","Labour Charge","no","","","","jobcard_missing"
"20210","4265","Labour Charge","no","","","","jobcard_missing"
"20211","4357","Labour Charge","no","","","","jobcard_missing"
"20212","4265","2 % Tax","no","","","","jobcard_missing"
"20213","4408","Brake Fluid","no","","","","jobcard_missing"
"20214","4408","Wd 40","no","","","","jobcard_missing"
"20215","4406","A/c Gas Top Up","no","","","","jobcard_missing"
"20216","4406","Temparature Sensor","no","","","","jobcard_missing"
"20217","4406","Cabin Filter","no","","","","jobcard_missing"
"20218","4406","Fuse","no","","","","jobcard_missing"
"20219","4406","Scaning","no","","","","jobcard_missing"
"20220","4406","Labour Charge","no","","","","jobcard_missing"
"20221","4408","Labour Charge","no","","","","jobcard_missing"
"20222","4408","Mechanical Next: Heater Plug, Tyre Bubbling, Engine Mount","no","","","","jobcard_missing"
"20223","4261","Coolant","no","","","","jobcard_missing"
"20224","4261","Diesel For Wash","no","","","","jobcard_missing"
"20225","4261","Wd 40","no","","","","jobcard_missing"
"20226","4261","Labour Charge","no","","","","jobcard_missing"
"20227","4393","Fuel Filter","no","","","","jobcard_missing"
"20228","4393","Fuel Pump Service","no","","","","jobcard_missing"
"20229","4393","Labour Charge","no","","","","jobcard_missing"
"20230","4410","Engine Oil","no","","","","jobcard_missing"
"20231","4410","Oil Filter","no","","","","jobcard_missing"
"20232","4410","Belt","no","","","","jobcard_missing"
"20233","4412","Thermostat Hose","no","","","","jobcard_missing"
"20234","4412","Hose Clip","no","","","","jobcard_missing"
"20235","4413","Spare Parts","no","","","","jobcard_missing"
"20236","4413","Denting","no","","","","jobcard_missing"
"20237","4418","Spare Parts","no","","","","jobcard_missing"
"20240","4418","Leaf Spring Bolt","no","","","","jobcard_missing"
"20241","4418","Leaf Spring Bush","no","","","","jobcard_missing"
"20242","4418","Silencer Stud","no","","","","jobcard_missing"
"20243","4418","Central Bolt","no","","","","jobcard_missing"
"20244","4418","Waste","no","","","","jobcard_missing"
"20245","4418","Washer","no","","","","jobcard_missing"
"20246","4423","Spare Parts","no","","","","jobcard_missing"
"20247","4423","Cabin Filter","no","","","","jobcard_missing"
"20248","4423","Labour Charge","no","","","","jobcard_missing"
"20249","4414","Spare Parts","no","","","","jobcard_missing"
"20250","4414","Axle Nut","no","","","","jobcard_missing"
"20251","4414","Rear Wheel Bearing","no","","","","jobcard_missing"
"20252","4414","Wheel Cylinder","no","","","","jobcard_missing"
"20253","4414","Belt Tensioner","no","","","","jobcard_missing"
"20254","4414","Wheel Bearing Lathe","no","","","","jobcard_missing"
"20255","4418","Shocker Bush","no","","","","jobcard_missing"
"20256","4412","Coolant","no","","","","jobcard_missing"
"20257","4424","Spare Parts","no","","","","jobcard_missing"
"20258","4424","Brake Fluid","no","","","","jobcard_missing"
"20259","4407","Bumper Grill","no","","","","jobcard_missing"
"20260","4407","Fog Lamp Cover","no","","","","jobcard_missing"
"20261","4407","Head Light Lh","no","","","","jobcard_missing"
"20262","4407","Fog Lamp","no","","","","jobcard_missing"
"20263","4407","Starter Brush","no","","","","jobcard_missing"
"20264","3929","Automatic Filter Big","no","","","","jobcard_missing"
"20265","3929","Automatic Filter Small","no","","","","jobcard_missing"
"20266","4390","Lathe","no","","","","jobcard_missing"
"20267","4390","Thread Lock","no","","","","jobcard_missing"
"20268","4390","Brake Fluid","no","","","","jobcard_missing"
"20269","4407","Denting","no","","","","jobcard_missing"
"20270","4314","Oil Pump","no","","","","jobcard_missing"
"20271","4390","Wd 40","no","","","","jobcard_missing"
"20272","4390","Cotton Waste","no","","","","jobcard_missing"
"20273","4390","Labour Charge","no","","","","jobcard_missing"
"20274","4398","Atf Oil","no","","","","jobcard_missing"
"20275","4426","Spare Parts","no","","","","jobcard_missing"
"20276","4426","Fuse 30 A","no","","","","jobcard_missing"
"20277","4426","Fuse 15 A","no","","","","jobcard_missing"
"20278","4431","Engine Oil","no","","","","jobcard_missing"
"20279","4431","Oil Filter","no","","","","jobcard_missing"
"20280","4431","Cabin Filter","no","","","","jobcard_missing"
"20281","4419","Starter Brush","no","","","","jobcard_missing"
"20282","4234","Brake Fluid","no","","","","jobcard_missing"
"20283","4419","Engine Oil {5w30} Full Synthetic","no","","","","jobcard_missing"
"20284","4419","Air Filter","no","","","","jobcard_missing"
"20285","4418","Wd 40","no","","","","jobcard_missing"
"20286","4418","Brake Fluid","no","","","","jobcard_missing"
"20287","4418","Labour Charge","no","","","","jobcard_missing"
"20289","4398","Wd 40","no","","","","jobcard_missing"
"20290","4398","Labour Charge","no","","","","jobcard_missing"
"20291","4426","Labour Charge","no","","","","jobcard_missing"
"20292","4412","Super Sealer Gray","no","","","","jobcard_missing"
"20293","4412","Cotton Waste","no","","","","jobcard_missing"
"20294","4412","A/c Valve Pin","no","","","","jobcard_missing"
"20295","4412","A/c Gas & Oil","no","","","","jobcard_missing"
"20296","4420","Spare Parts","no","","","","jobcard_missing"
"20297","4420","Caliper Lathe","no","","","","jobcard_missing"
"20298","4420","Steering Box Lathe","no","","","","jobcard_missing"
"20299","4420","Lower Arm Bush Lathe","no","","","","jobcard_missing"
"20300","4420","Drum Polish","no","","","","jobcard_missing"
"20301","4420","Wd 40","no","","","","jobcard_missing"
"20302","4420","Brake Fluid","no","","","","jobcard_missing"
"20303","4420","Grease","no","","","","jobcard_missing"
"20304","4420","Starter Brush","no","","","","jobcard_missing"
"20305","4419","Solenoid Switch","no","","","","jobcard_missing"
"20306","4097","Door Latch Fr Lh Old","no","","","","jobcard_missing"
"20307","4414","Alignment","no","","","","jobcard_missing"
"20308","4414","Wd 40","no","","","","jobcard_missing"
"20309","4387","Fly Wheel Assy","no","","","","jobcard_missing"
"20311","4431","Diesel Filter","no","","","","jobcard_missing"
"20312","4431","Brake Fluid","no","","","","jobcard_missing"
"20313","4431","Wd 40","no","","","","jobcard_missing"
"20314","4387","Rear Caliper Lathe","no","","","","jobcard_missing"
"20315","4180","Alignment","no","","","","jobcard_missing"
"20316","4180","Wate Service","no","","","","jobcard_missing"
"20317","4419","Spare Parts","no","","","","jobcard_missing"
"20318","4419","Diesel For Washing","no","","","","jobcard_missing"
"20319","4419","Labour Charge","no","","","","jobcard_missing"
"20320","4414","Tag","no","","","","jobcard_missing"
"20321","4392","Labour Charge","no","","","","jobcard_missing"
"20322","4412","Labour Charge","no","","","","jobcard_missing"
"20323","4420","Labour Charge","no","","","","jobcard_missing"
"20324","4437","Engine Oil","no","","","","jobcard_missing"
"20325","4437","Oil Filter","no","","","","jobcard_missing"
"20326","4437","Labour Charge","no","","","","jobcard_missing"
"20327","4414","Labour Charge","no","","","","jobcard_missing"
"20328","4438","Spare Parts","no","","","","jobcard_missing"
"20329","4439","Spare Parts","no","","","","jobcard_missing"
"20330","4439","Wheel Bearing Lathe","no","","","","jobcard_missing"
"20331","4439","Wd 40","no","","","","jobcard_missing"
"20332","4180","Petrol","no","","","","jobcard_missing"
"20333","4180","A/c Gas","no","","","","jobcard_missing"
"20334","4180","Labour Charge","no","","","","jobcard_missing"
"20335","4425","Compressor","no","","","","jobcard_missing"
"20336","4425","Condenser","no","","","","jobcard_missing"
"20337","4439","Tag","no","","","","jobcard_missing"
"20338","4439","Labour Charge","no","","","","jobcard_missing"
"20339","4234","Front Cross Set Old","no","","","","jobcard_missing"
"20340","4430","Engine Oil","no","","","","jobcard_missing"
"20341","4430","Oil Filter","no","","","","jobcard_missing"
"20342","4430","Number Plate","no","","","","jobcard_missing"
"20343","4430","Spare Parts","no","","","","jobcard_missing"
"20344","4425","Cabin Filter","no","","","","jobcard_missing"
"20345","4425","A/c Gas& Oil","no","","","","jobcard_missing"
"20346","4425","Petrol & Flush","no","","","","jobcard_missing"
"20347","4422","Throttle Body & Acceralarotor Pedal Cleaning","no","","","","jobcard_missing"
"20348","4422","Wd 40","no","","","","jobcard_missing"
"20349","4387","Spare Parts","no","","","","jobcard_missing"
"20350","4412","Customer Given","no","","","","jobcard_missing"
"20351","4398","Jetta Sooraj Denting Charge","no","","","","jobcard_missing"
"20352","4203","Diesel","no","","","","jobcard_missing"
"20353","4443","Spare Parts","no","","","","jobcard_missing"
"20354","4443","Cabin Filter","no","","","","jobcard_missing"
"20355","4443","Labour Charge","no","","","","jobcard_missing"